pid,p_brand1,p_brand2,p_brand3,p_brand4,p_brand5
100020092372,数码,影音娱乐,音箱/音响,纽曼（Newmine）,纽曼BT55
100008806027,数码,影音娱乐,音箱/音响,联想（Lenovo）,联想B09
100061244069,数码,影音娱乐,音箱/音响,猫王收音机,猫王收音机MW-2A
100012937643,数码,影音娱乐,音箱/音响,纽曼（Newmine）,纽曼BT60
100006377759,数码,影音娱乐,音箱/音响,索爱（soaiy）,索爱SA-C5
100049720487,数码,影音娱乐,音箱/音响,海威特（HAVIT）,海威特M19
10038213023896,数码,影音娱乐,音箱/音响,联想（LENOVO）,联想（LENOVO）TS33
100031003538,数码,影音娱乐,音箱/音响,Colorfire,ColorfireColorfire USB有线音响 笔记本台式电脑显示器扩音 USB音响
100032058394,数码,影音娱乐,音箱/音响,HYUNDAI,HYUNDAIQ7
100017539955,数码,影音娱乐,音箱/音响,漫步者（EDIFIER）,漫步者M30
10096655335759,数码,影音娱乐,音箱/音响,7 恋 SEVEN LOVE,7 恋 SEVEN LOVEx9
4148692,数码,影音娱乐,音箱/音响,猫王收音机,猫王收音机MW-2A
100016172202,数码,影音娱乐,音箱/音响,纽曼（Newmine）,纽曼k97
100090533810,数码,影音娱乐,音箱/音响,飞利浦（PHILIPS）,飞利浦SPA3809
567895,数码,影音娱乐,音箱/音响,哈曼卡顿（Harman/Kardon）,哈曼卡顿Soundsticks lll
100014491801,数码,影音娱乐,音箱/音响,纽曼（Newmine）,纽曼BT73
10068864067709,数码,影音娱乐,音箱/音响,惠普（HP）,惠普（HP）WS1
2807859,数码,影音娱乐,音箱/音响,猫王收音机,猫王收音机MW-2
100055035885,数码,影音娱乐,音箱/音响,漫步者（EDIFIER）,漫步者G1500bar
428946,数码,影音娱乐,音箱/音响,漫步者（EDIFIER）,漫步者R18T
100033966459,数码,影音娱乐,音箱/音响,索爱（soaiy）,索爱S-36
100079610074,数码,影音娱乐,音箱/音响,小米（MI）,小米小爱音箱
100048114970,数码,影音娱乐,音箱/音响,纽曼（Newmine）,纽曼BT61
100039983652,数码,影音娱乐,音箱/音响,猫王收音机,猫王收音机MW-2A
100054847566,数码,影音娱乐,音箱/音响,联想（Lenovo）,联想A200
100038791105,数码,影音娱乐,音箱/音响,飞利浦（PHILIPS）,飞利浦SPA510P
100025055652,数码,影音娱乐,音箱/音响,漫步者（EDIFIER）,漫步者M230
100002581271,数码,影音娱乐,音箱/音响,索爱（soaiy）,索爱SA-A3
136358,数码,影音娱乐,音箱/音响,漫步者（EDIFIER）,漫步者R10U
100039983652,数码,影音娱乐,音箱/音响,猫王收音机,猫王收音机MW-2A
100091568686,数码,影音娱乐,音箱/音响,漫步者（EDIFIER）,漫步者G100
100002581271,数码,影音娱乐,音箱/音响,索爱（soaiy）,索爱SA-A3
100054570487,数码,影音娱乐,音箱/音响,漫步者（EDIFIER）,漫步者MR4
100030176880,数码,影音娱乐,音箱/音响,奋达（F&D）,奋达R28BT
24818305875,数码,影音娱乐,音箱/音响,雷蛇（Razer）,雷蛇（Razer）天狼星
100056576685,数码,影音娱乐,音箱/音响,Divoom,DivoomS-SongBird-HQ
100006223057,数码,影音娱乐,音箱/音响,索爱（soaiy）,索爱S98
100048114970,数码,影音娱乐,音箱/音响,纽曼（Newmine）,纽曼BT61
567895,数码,影音娱乐,音箱/音响,哈曼卡顿（Harman/Kardon）,哈曼卡顿Soundsticks lll
100014491801,数码,影音娱乐,音箱/音响,纽曼（Newmine）,纽曼BT73
2245046,数码,影音娱乐,音箱/音响,JBL,JBLFlip Essential 2
100050696283,数码,影音娱乐,音箱/音响,小度,小度XDH-21-A1
100025485741,数码,影音娱乐,音箱/音响,漫步者（EDIFIER）,漫步者G1500
100009642308,数码,影音娱乐,音箱/音响,漫步者（EDIFIER）,漫步者R101V 蓝牙版
100033443844,数码,影音娱乐,音箱/音响,JBL,JBLGo Essential
100038791105,数码,影音娱乐,音箱/音响,飞利浦（PHILIPS）,飞利浦SPA510P
100025562457,数码,影音娱乐,音箱/音响,惠普（HP）,惠普WS10
10050472598613,数码,影音娱乐,音箱/音响,山水（SANSUI）,山水（SANSUI）TA105
10036950754225,数码,影音娱乐,音箱/音响,惠普（HP）,惠普（HP）DHE-6005
100049442302,数码,影音娱乐,音箱/音响,索爱（soaiy）,索爱S-36
100078668877,数码,影音娱乐,音箱/音响,Colorfire,Colorfire FS-D2101
10054703734353,数码,影音娱乐,音箱/音响,漫步者（EDIFIER）,漫步者（EDIFIER）G1500
100039950328,数码,影音娱乐,音箱/音响,联想（Lenovo）,联想K5
10080473363588,数码,影音娱乐,音箱/音响,惠普（HP）,惠普（HP）DHE-6002S
10079426095473,数码,影音娱乐,音箱/音响,极地物种,极地物种Z4
100032888799,数码,影音娱乐,音箱/音响,惠普（HP）,惠普NS1 pro
100025241392,数码,影音娱乐,音箱/音响,惠普（HP）,惠普DHE-6003C
100016172202,数码,影音娱乐,音箱/音响,纽曼（Newmine）,纽曼k97
100028479137,数码,影音娱乐,音箱/音响,纽曼（Newmine）,纽曼BT55
25567004453,数码,影音娱乐,音箱/音响,AERO SYSTEM,AERO SYSTEMXS
100054847540,数码,影音娱乐,音箱/音响,联想（Lenovo）,联想A200
100020420344,数码,影音娱乐,音箱/音响,纽曼（Newmine）,纽曼BT51
100064404689,数码,影音娱乐,音箱/音响,联想（Lenovo）,联想BMS10
100025732210,数码,影音娱乐,音箱/音响,蓝悦（LEnRuE）,蓝悦A39
970980,数码,影音娱乐,音箱/音响,漫步者（EDIFIER）,漫步者R1200TII
10042396144832,家用电器,视听影音,KTV音响,JBL,JBLkes6100
100032888781,数码,影音娱乐,音箱/音响,惠普（HP）,惠普NS1 pro
100055485780,数码,影音娱乐,音箱/音响,纽曼（Newmine）,纽曼V6
100003527273,数码,影音娱乐,音箱/音响,漫步者（EDIFIER）,漫步者M120
100050041205,数码,影音娱乐,音箱/音响,漫步者（EDIFIER）,漫步者M25
100051575006,数码,影音娱乐,音箱/音响,联想（Lenovo）,联想A302
100097086048,数码,影音娱乐,音箱/音响,小米（MI）,小米ASM01A
1360763,数码,影音娱乐,音箱/音响,ENKOR,ENKORE50
100055780512,数码,影音娱乐,音箱/音响,飞利浦（PHILIPS）,飞利浦SPA3810
100008565503,数码,影音娱乐,音箱/音响,惠普（HP）,惠普DHS-2111
100023271301,数码,影音娱乐,音箱/音响,飞利浦（PHILIPS）,飞利浦SPA725
100090533930,数码,影音娱乐,音箱/音响,惠普（HP）,惠普（HP）WS10
100038443042,数码,影音娱乐,音箱/音响,小度,小度智能屏X8 升级版
100018795292,数码,影音娱乐,音箱/音响,索爱（soaiy）,索爱SA-A2
100012854455,数码,影音娱乐,音箱/音响,小米（MI）,小米L05C
100047882833,数码,影音娱乐,音箱/音响,海威特（HAVIT）,海威特A20
100035465045,数码,影音娱乐,音箱/音响,JBL,JBLFlip Essential 2
100045344716,数码,影音娱乐,音箱/音响,康佳（KONKA）,康佳KYYX510
10055724345726,数码,影音娱乐,音箱/音响,syitren,syitrenN100
100084136687,数码,影音娱乐,音箱/音响,飞利浦（PHILIPS）,飞利浦SPA6109
12456930804,数码,影音娱乐,音箱/音响,联想（LENOVO）,联想（LENOVO）TS33
100029455100,数码,影音娱乐,音箱/音响,纽曼（Newmine）,纽曼BT76
100005988497,数码,影音娱乐,音箱/音响,飞利浦（PHILIPS）,飞利浦SPA520S
100009966226,数码,影音娱乐,音箱/音响,漫步者（EDIFIER）,漫步者R206BT
10055724345726,数码,影音娱乐,音箱/音响,syitren,syitrenN100
10096408754311,数码,影音娱乐,音箱/音响,联想（LENOVO）,联想（LENOVO）TS33
100033966459,数码,影音娱乐,音箱/音响,索爱（soaiy）,索爱S-36
100057606537,数码,影音娱乐,音箱/音响,Colorfire,ColorfireFS-D2101
136360,数码,影音娱乐,音箱/音响,漫步者（EDIFIER）,漫步者R101V
100077499588,数码,影音娱乐,音箱/音响,漫步者（EDIFIER）,漫步者M230
100056927224,数码,影音娱乐,音箱/音响,B&O,B&OBeosound 2 3rd Gen
100052756219,数码,影音娱乐,音箱/音响,漫步者（EDIFIER）,漫步者G1500
100044731543,数码,影音娱乐,音箱/音响,京东京造,京东京造JZ-F01
10044070497416,数码,影音娱乐,音箱/音响,纽曼（Newmine）,纽曼（Newmine）BT60
10077301324005,数码,影音娱乐,音箱/音响,惠普（HP）,惠普（HP）6002
10080473363585,数码,影音娱乐,音箱/音响,惠普（HP）,惠普（HP）DHE-6002S
10082821101049,数码,影音娱乐,音箱/音响,ALATS,ALATSQ3
10088439064113,数码,影音娱乐,音箱/音响,KPEP,KPEPBHGFBH
100058607209,数码,影音娱乐,音箱/音响,雷神（ThundeRobot）,雷神S10pro
100070886075,数码,影音娱乐,音箱/音响,索爱（soaiy）,索爱SA-C19
100054272518,数码,影音娱乐,音箱/音响,漫步者（EDIFIER）,漫步者R1700BT+
100040323882,数码,影音娱乐,音箱/音响,方正（Founder）,方正 FDX101
100058756399,数码,影音娱乐,音箱/音响,小度,小度XD-SDD08-2201
54761686610,数码,影音娱乐,音箱/音响,山水（SANSUI）,山水（SANSUI）P300
100008305207,数码,影音娱乐,音箱/音响,惠威（HiVi）,惠威D1100
100051056714,数码,影音娱乐,音箱/音响,联想（Lenovo）,联想A201
10083255591670,数码,影音娱乐,音箱/音响,飞利浦（philips）,飞利浦（philips）SPA2100
100007618711,数码,影音娱乐,音箱/音响,MIFA,MIFAA10+
100049093943,数码,影音娱乐,音箱/音响,先科（SAST）,先科A30
100010816952,数码,影音娱乐,音箱/音响,JBL,JBLPULSE4
100063013137,数码,影音娱乐,音箱/音响,海威特（HAVIT）,海威特M19蓝牙版
100013407900,家用电器,视听影音,回音壁/Soundbar,小米（MI）,小米Redmi 条形电视音响 音箱 家庭影院 蓝牙5.0 无线连接
10038213023897,数码,影音娱乐,音箱/音响,联想（LENOVO）,联想（LENOVO）TS33
100076736481,数码,影音娱乐,音箱/音响,飞利浦,飞利浦TAS2009
10081588150381,数码,影音娱乐,音箱/音响,山水（SANSUI）,山水（SANSUI）SS903
100058688320,数码,影音娱乐,音箱/音响,飞利浦（PHILIPS）,飞利浦SD50
100014450891,数码,影音娱乐,音箱/音响,纽曼（Newmine）,纽曼BT72
100045699739,数码,影音娱乐,音箱/音响,夕风,夕风usb电脑音箱-有线连接
10048160149548,数码,影音娱乐,音箱/音响,惠普（HP）,惠普（HP）S01
100046826600,数码,影音娱乐,音箱/音响,漫步者（EDIFIER）,漫步者G1500bar
10068400978393,数码,影音娱乐,音箱/音响,BOGASING,BOGASINGM6
100012648489,数码,影音娱乐,音箱/音响,漫步者（EDIFIER）,漫步者MR4
100045344756,数码,影音娱乐,音箱/音响,康佳（KONKA）,康佳KYYX510
100068015383,数码,影音娱乐,音箱/音响,蓝悦（LEnRuE）,蓝悦X350
10091965825957,数码,影音娱乐,音箱/音响,惠普（HP）,惠普（HP）电脑音响蓝牙音箱有线笔记本台式电脑手机小音箱usb有线长条超重低音炮RGB发光外放喇叭大音量 经典版丨HiFi级音质
100033576351,数码,影音娱乐,音箱/音响,纽曼（Newmine）,纽曼N61
10064151497828,数码,影音娱乐,音箱/音响,天猫精灵,天猫精灵Sound
100031383094,数码,影音娱乐,音箱/音响,索爱（soaiy）,索爱S-65
100036592246,数码,影音娱乐,音箱/音响,纽曼（Newmine）,纽曼BT78
10044054970592,数码,影音娱乐,音箱/音响,漫步者（EDIFIER）,漫步者（EDIFIER）M30
100084985682,数码,影音娱乐,音箱/音响,索爱（soaiy）,索爱S-37
26049614904,数码,影音娱乐,音箱/音响,联想（LENOVO）,联想（LENOVO）TS33
100085026571,数码,影音娱乐,音箱/音响,小纽,小纽X系列
40953946351,数码,影音娱乐,音箱/音响,MC,MCV-196
10091965825959,数码,影音娱乐,音箱/音响,惠普（HP）,惠普（HP）电脑音响蓝牙音箱有线笔记本台式电脑手机小音箱usb有线长条超重低音炮RGB发光外放喇叭大音量 顶配蓝牙动感RGB光丨千元级音质
100008582051,数码,影音娱乐,音箱/音响,索爱（soaiy）,索爱S-100
10096543107807,数码,影音娱乐,音箱/音响,飞利浦,飞利浦SPA3809
100060492968,数码,影音娱乐,音箱/音响,飞利浦（PHILIPS）,飞利浦SPA1312
100091865030,数码,影音娱乐,音箱/音响,小纽,小纽X系列
10080473363588,数码,影音娱乐,音箱/音响,惠普（HP）,惠普（HP）DHE-6002S
100032239859,数码,影音娱乐,音箱/音响,HYUNDAI,HYUNDAIQ8
100006222930,数码,影音娱乐,音箱/音响,漫步者（EDIFIER）,漫步者S1000MKII
100018871059,数码,影音娱乐,音箱/音响,JBL,JBLGo Essential
100055283170,数码,影音娱乐,音箱/音响,索爱（soaiy）,索爱S58
100041852026,数码,影音娱乐,音箱/音响,先科（SAST）,先科SW50
100013599725,数码,影音娱乐,音箱/音响,纽曼（Newmine）,纽曼V1
100013019911,数码,影音娱乐,音箱/音响,纽曼（Newmine）,纽曼V1
100007940907,数码,影音娱乐,音箱/音响,索爱（soaiy）,索爱S-35Plus
100065488690,数码,影音娱乐,音箱/音响,索爱（soaiy）,索爱SA-L6
100038595820,数码,影音娱乐,音箱/音响,惠普（HP）,惠普DHE-6002S
10058306155671,数码,影音娱乐,音箱/音响,小度,小度智能音箱大金刚会员版
100058812131,数码,影音娱乐,音箱/音响,ENKOR,ENKORE60B
100026812340,数码,影音娱乐,音箱/音响,小米（MI）,小米L16A
10093933158633,数码,影音娱乐,音箱/音响,惠普（HP）,惠普（HP）BTS07
10055828432918,数码,影音娱乐,音箱/音响,哈曼卡顿（Harman/Kardon）,哈曼卡顿（Harman/Kardon）水晶三代音响 桌面电视电脑音箱 室内多媒体下沉式低音炮 SoundSticks 3代环绕立体声 透明款
10051903829953,数码,影音娱乐,音箱/音响,飞利浦（philips）,飞利浦（philips）TAM3205
100066870635,数码,影音娱乐,音箱/音响,先科（SAST）,先科A46
100057044920,数码,影音娱乐,音箱/音响,纽曼（Newmine）,纽曼BT60PLUS
10071074443673,数码,影音娱乐,音箱/音响,KPEP,KPEPHBGHNG
100012222648,数码,影音娱乐,音箱/音响,索爱（soaiy）,索爱S98
10084700869007,数码,影音娱乐,音箱/音响,飞利浦（PHILIPS）,飞利浦（PHILIPS）SPA5308
50373333999,数码,影音娱乐,音箱/音响,小米（MI）,小米（MI）小爱音箱Play
100040656544,数码,影音娱乐,音箱/音响,曼龙（MALONE）,曼龙GT-608
10033902801902,数码,影音娱乐,音箱/音响,索尼（SONY）,索尼（SONY）SRS-XB13
100072783559,数码,影音娱乐,音箱/音响,康佳（KONKA）,康佳D160
10059543266239,数码,影音娱乐,音箱/音响,飞利浦（PHILIPS）,飞利浦（PHILIPS）SPA3208
100014561099,数码,影音娱乐,音箱/音响,华为（HUAWEI）,华为Sound SE
100063638254,数码,影音娱乐,音箱/音响,飞利浦（PHILIPS）,飞利浦SPA3208
100087949046,数码,影音娱乐,音箱/音响,飞利浦,飞利浦TAS1009
100000868373,数码,影音娱乐,音箱/音响,漫步者（EDIFIER）,漫步者R303BT
100054612949,数码,影音娱乐,音箱/音响,HYUNDAI,HYUNDAIU1
100048114982,数码,影音娱乐,音箱/音响,纽曼（Newmine）,纽曼BT55
10048160149547,数码,影音娱乐,音箱/音响,惠普（HP）,惠普（HP）S01
10077301324006,数码,影音娱乐,音箱/音响,惠普（HP）,惠普（HP）6002
100087949046,数码,影音娱乐,音箱/音响,飞利浦,飞利浦TAS1009
100009049903,数码,影音娱乐,音箱/音响,惠普（HP）,惠普DHE-6002
100009168347,数码,影音娱乐,音箱/音响,纽曼（Newmine）,纽曼k97
3591494,数码,影音娱乐,音箱/音响,索爱（soaiy）,索爱A89
100064620816,数码,影音娱乐,音箱/音响,纽曼（Newmine）,纽曼B12
7344084,数码,影音娱乐,音箱/音响,小度,小度人工智能音箱
10026564714440,数码,影音娱乐,音箱/音响,DEVIALET,DEVIALETMX207
100015982549,数码,影音娱乐,音箱/音响,SADA,SADAV-183
100088945902,数码,影音娱乐,音箱/音响,飞利浦,飞利浦TAS1009
1040228,数码,影音娱乐,音箱/音响,索爱（soaiy）,索爱S-35
10039781657347,数码,影音娱乐,音箱/音响,纽曼（Newmine）,纽曼（Newmine） BT55音箱电脑音箱有线迷你小型USB笔记本电脑桌面家用台式机低音炮音响 BT55【经典版】黑色
100020197396,数码,影音娱乐,音箱/音响,纽曼（Newmine）,纽曼K98
10073352627527,家用电器,视听影音,KTV音响,山水（SANSUI）,山水（SANSUI）81D
100087612710,数码,影音娱乐,音箱/音响,哈曼卡顿（Harman/Kardon）,哈曼卡顿Aura Studio 3
100019730040,数码,影音娱乐,音箱/音响,小米（MI）,小米小米AI音箱 第二代
100013949351,数码,影音娱乐,音箱/音响,索爱（soaiy）,索爱SA-F35
100050038246,数码,影音娱乐,音箱/音响,哈曼卡顿（Harman/Kardon）,哈曼卡顿Aura Studio 4
100004794487,数码,影音娱乐,音箱/音响,小米（MI）,小米小米小爱音箱 Pro 黑色
100041879643,数码,影音娱乐,音箱/音响,猫王收音机,猫王收音机1-0101BK
100069542018,数码,影音娱乐,音箱/音响,索爱（soaiy）,索爱K69
33201491991,数码,影音娱乐,音箱/音响,哈曼卡顿（Harman/Kardon）,哈曼卡顿（Harman/Kardon）Onyx Studio 6
100015970374,数码,影音娱乐,音箱/音响,华为（HUAWEI）,华为AIS-BW50-00
100008397104,数码,影音娱乐,音箱/音响,小米（MI）,小米小米小爱音箱 白色
100068204811,数码,影音娱乐,音箱/音响,小米（MI）,小米L16B
10096563107679,数码,影音娱乐,音箱/音响,漫步者（EDIFIER）,漫步者（EDIFIER）halo soundbar
100068742105,数码,影音娱乐,音箱/音响,哈曼卡顿（Harman/Kardon）,哈曼卡顿Aura Studio 4 黑金典藏版
100004676756,数码,影音娱乐,音箱/音响,小米（MI）,小米小米小爱触屏音箱
100084827493,数码,影音娱乐,音箱/音响,飞利浦,飞利浦TAS2508WT
100076736499,数码,影音娱乐,音箱/音响,飞利浦,飞利浦TAS1108
100048096795,数码,影音娱乐,音箱/音响,小米（MI）,小米L17A
100044692156,数码,影音娱乐,音箱/音响,山水（SANSUI）,山水U11
100056339597,数码,影音娱乐,音箱/音响,小米（MI）,小米M03A
100006651399,数码,影音娱乐,音箱/音响,小米（MI）,小米小爱
10087624169390,数码,影音娱乐,音箱/音响,飞利浦（PHILIPS）,飞利浦（PHILIPS）SPA3208
100052190318,数码,影音娱乐,音箱/音响,索爱（soaiy）,索爱SH18
100034879754,数码,影音娱乐,音箱/音响,华为（HUAWEI）,华为Sound Joy
10072112647720,家用电器,视听影音,KTV音响,山水（SANSUI）,山水（SANSUI）81D
100040323848,数码,影音娱乐,音箱/音响,方正（Founder）,方正FDX102
100016053792,数码,影音娱乐,音箱/音响,JBL,JBLGO3
10079535910374,数码,影音娱乐,音箱/音响,惠普（HP）,惠普（HP）WS10
100014672118,数码,影音娱乐,音箱/音响,漫步者（EDIFIER）,漫步者R33BT
100041109496,数码,影音娱乐,音箱/音响,漫步者（EDIFIER）,漫步者M0
10042409272753,数码,影音娱乐,音箱/音响,山水（SANSUI）,山水（SANSUI）SQ118
100028479231,数码,影音娱乐,音箱/音响,纽曼（Newmine）,纽曼BT55
100015842987,数码,影音娱乐,音箱/音响,纽曼（Newmine）,纽曼BT15
100084827497,数码,影音娱乐,音箱/音响,惠普（HP）,惠普BTS02
70689279688,数码,影音娱乐,音箱/音响,惠普（HP）,惠普（HP）DHE-6000
100009090461,数码,影音娱乐,音箱/音响,JBL,JBLGO3
10079423369370,数码,影音娱乐,音箱/音响,天猫精灵,天猫精灵IN糖3
100062920865,数码,影音娱乐,音箱/音响,飞利浦（PHILIPS）,飞利浦SD50
100021518385,数码,影音娱乐,音箱/音响,夕风,夕风T1炫彩蓝牙音箱-黑色
100060492938,数码,影音娱乐,音箱/音响,飞利浦（PHILIPS）,飞利浦SPA5308P
100009311703,数码,影音娱乐,音箱/音响,飞利浦（PHILIPS）,飞利浦TAVS300
100040323874,数码,影音娱乐,音箱/音响,方正（Founder）,方正FDX100
10084557124018,数码,影音娱乐,音箱/音响,宝格声（BOGASING）,宝格声（BOGASING）S8 Pro
10093889464408,数码,影音娱乐,音箱/音响,联想（Lenovo）,联想（Lenovo）TS33
10071820429031,数码,影音娱乐,音箱/音响,漫步者（EDIFIER）,漫步者（EDIFIER）G1500BAR
100005930276,数码,影音娱乐,音箱/音响,小度,小度XDH-1D-A1
100076349583,数码,影音娱乐,音箱/音响,先科（SAST）,先科SM1106
100063638262,数码,影音娱乐,音箱/音响,飞利浦,飞利浦TAS2508WT
10079423369370,数码,影音娱乐,音箱/音响,天猫精灵,天猫精灵IN糖3
10067398531767,数码,影音娱乐,音箱/音响,惠普（HP）,惠普（HP）DHS-2111
10025454446588,数码,影音娱乐,音箱/音响,哈曼卡顿（Harman/Kardon）,哈曼卡顿（Harman/Kardon）Aura Stuio4
26049614905,数码,影音娱乐,音箱/音响,联想（LENOVO）,联想（LENOVO）TS33
10045628285303,数码,影音娱乐,音箱/音响,漫步者（EDIFIER）,漫步者（EDIFIER）R101V
100059393521,数码,影音娱乐,音箱/音响,飞利浦（PHILIPS）,飞利浦SPA5508
10035195946416,数码,影音娱乐,音箱/音响,赛柏瑞斯（cyboris）,赛柏瑞斯（cyboris）S6
10079537435228,数码,影音娱乐,音箱/音响,惠普（HP）,惠普（HP）WS1 Pro
100090533916,数码,影音娱乐,音箱/音响,惠普（HP）,惠普（HP）NS1 pro
100048086066,数码,影音娱乐,音箱/音响,纽曼（Newmine）,纽曼V5
4148692,数码,影音娱乐,音箱/音响,猫王收音机,猫王收音机MW-2A
974882,数码,影音娱乐,音箱/音响,漫步者（EDIFIER）,漫步者R26T 哑黑色
100056653684,数码,影音娱乐,音箱/音响,小度,小度XD-SDA12-2301
10091533491324,数码,影音娱乐,音箱/音响,惠普（HP）,惠普（HP）DHS-2111
100039708984,数码,影音娱乐,音箱/音响,新科,新科N26
100043845577,数码,影音娱乐,音箱/音响,纽曼（Newmine）,纽曼V1
10092679673518,数码,影音娱乐,音箱/音响,联想,联想TS38
100028090341,数码,影音娱乐,音箱/音响,纽曼（Newmine）,纽曼N20
10069041707485,数码,影音娱乐,音箱/音响,山水（SANSUI）,山水（SANSUI）81C
100073491848,数码,影音娱乐,音箱/音响,惠普（HP）,惠普DHS-4121
29920021929,数码,影音娱乐,音箱/音响,漫步者（EDIFIER）,漫步者（EDIFIER）R101V
100010554104,数码,影音娱乐,音箱/音响,漫步者（EDIFIER）,漫步者R201T北美
10043583116211,数码,影音娱乐,音箱/音响,联想（Lenovo）,联想（Lenovo）BMS09
100021393650,数码,影音娱乐,音箱/音响,索爱（soaiy）,索爱S-35max
67805305281,数码,影音娱乐,音箱/音响,宝格声（BOGASING）,宝格声（BOGASING）S8
10030080676170,数码,影音娱乐,音箱/音响,纽曼,纽曼BT55
100029630377,数码,影音娱乐,音箱/音响,SANAG,SANAGX6S
100032447450,数码,影音娱乐,音箱/音响,漫步者（EDIFIER）,漫步者R19BT
10034494821477,数码,影音娱乐,音箱/音响,Colorfire,Colorfire电脑音响音箱
100049997531,数码,影音娱乐,音箱/音响,索爱（soaiy）,索爱SA-C6
100005930276,数码,影音娱乐,音箱/音响,小度,小度XDH-1D-A1
100006377759,数码,影音娱乐,音箱/音响,索爱（soaiy）,索爱SA-C5
100051056678,数码,影音娱乐,音箱/音响,联想（Lenovo）,联想A201
4041134,数码,影音娱乐,音箱/音响,飞利浦（PHILIPS）,飞利浦BT110A
100024539544,数码,影音娱乐,音箱/音响,华为（HUAWEI）,华为FLMG-10
10094541024670,数码,影音娱乐,音箱/音响,飞利浦,飞利浦SPA2100
10054934537930,家用电器,视听影音,回音壁/Soundbar,哈曼卡顿（Harman/Kardon）,哈曼卡顿 CITATION 音乐魔力 MB1100 音响 家庭影院 回音壁 家用 蓝牙音箱 条形可壁挂 电视客厅大功率音响 5.1标准音乐魔力 黑色(搭配MB1100)
100007315548,数码,影音娱乐,音箱/音响,索爱（soaiy）,索爱SA-A6
100078687936,数码,影音娱乐,音箱/音响,蓝悦（LEnRuE）,蓝悦X350
100033443820,数码,影音娱乐,音箱/音响,JBL,JBLGo Essential
100054847472,数码,影音娱乐,音箱/音响,纽曼（Newmine）,纽曼K230
10090847376878,数码,影音娱乐,音箱/音响,雷蛇（Razer）,雷蛇（Razer）利维坦巨兽V2
46052255110,家用电器,视听影音,家庭影院,哈曼卡顿（Harman/Kardon）,哈曼卡顿 CITATION 音乐魔力套装 家庭影院 音响 回音壁 无线影院 蓝牙音箱 WiFi连接 电视客厅音响 大功率 5.1高端音乐魔力 黑色(搭配BAR)
70943634182,数码,影音娱乐,音箱/音响,惠普（HP）,惠普（HP）S02
10022075143084,数码,影音娱乐,音箱/音响,索尼（SONY）,索尼（SONY）SRS-XB13
100019042321,数码,影音娱乐,音箱/音响,爱国者,爱国者T52
100090533902,数码,影音娱乐,音箱/音响,海威特（HAVIT）,海威特M19麦克风
100074423359,数码,影音娱乐,音箱/音响,长虹（CHANGHONG）,长虹K11
10023605821297,家用电器,视听影音,KTV音响,HYUNDAI,HYUNDAIA128
101666,数码,影音娱乐,音箱/音响,漫步者（EDIFIER）,漫步者R1000TC
100077519307,数码,影音娱乐,音箱/音响,飞利浦,飞利浦TAS3209
100063699540,数码,影音娱乐,音箱/音响,小米（MI）,小米LX06
10086532048056,数码,影音娱乐,音箱/音响,雅兰仕（EARISE）,雅兰仕（EARISE）T11
100035226670,数码,影音娱乐,音箱/音响,先科（SAST）,先科A57
10031246621335,数码,影音娱乐,音箱/音响,狂热者（ZEALOT）,狂热者（ZEALOT）P1
100058825942,数码,影音娱乐,音箱/音响,好牧人,好牧人D7
100002624298,数码,影音娱乐,音箱/音响,索爱（soaiy）,索爱S69
33201491991,数码,影音娱乐,音箱/音响,哈曼卡顿（Harman/Kardon）,哈曼卡顿（Harman/Kardon）Onyx Studio 6
100015970374,数码,影音娱乐,音箱/音响,华为（HUAWEI）,华为AIS-BW50-00
100008397104,数码,影音娱乐,音箱/音响,小米（MI）,小米小米小爱音箱 白色
100068204811,数码,影音娱乐,音箱/音响,小米（MI）,小米L16B
10096563107679,数码,影音娱乐,音箱/音响,漫步者（EDIFIER）,漫步者（EDIFIER）halo soundbar
100068742105,数码,影音娱乐,音箱/音响,哈曼卡顿（Harman/Kardon）,哈曼卡顿Aura Studio 4 黑金典藏版
100004676756,数码,影音娱乐,音箱/音响,小米（MI）,小米小米小爱触屏音箱
100084827493,数码,影音娱乐,音箱/音响,飞利浦,飞利浦TAS2508WT
100076736499,数码,影音娱乐,音箱/音响,飞利浦,飞利浦TAS1108
100048096795,数码,影音娱乐,音箱/音响,小米（MI）,小米L17A
100044692156,数码,影音娱乐,音箱/音响,山水（SANSUI）,山水U11
100056339597,数码,影音娱乐,音箱/音响,小米（MI）,小米M03A
100006651399,数码,影音娱乐,音箱/音响,小米（MI）,小米小爱
10087624169390,数码,影音娱乐,音箱/音响,飞利浦（PHILIPS）,飞利浦（PHILIPS）SPA3208
100052190318,数码,影音娱乐,音箱/音响,索爱（soaiy）,索爱SH18
100034879754,数码,影音娱乐,音箱/音响,华为（HUAWEI）,华为Sound Joy
10072112647720,家用电器,视听影音,KTV音响,山水（SANSUI）,山水（SANSUI）81D
100040323848,数码,影音娱乐,音箱/音响,方正（Founder）,方正FDX102
100016053792,数码,影音娱乐,音箱/音响,JBL,JBLGO3
10079535910374,数码,影音娱乐,音箱/音响,惠普（HP）,惠普（HP）WS10
100014672118,数码,影音娱乐,音箱/音响,漫步者（EDIFIER）,漫步者R33BT
100041109496,数码,影音娱乐,音箱/音响,漫步者（EDIFIER）,漫步者M0
10042409272753,数码,影音娱乐,音箱/音响,山水（SANSUI）,山水（SANSUI）SQ118
100028479231,数码,影音娱乐,音箱/音响,纽曼（Newmine）,纽曼BT55
100015842987,数码,影音娱乐,音箱/音响,纽曼（Newmine）,纽曼BT15
100084827497,数码,影音娱乐,音箱/音响,惠普（HP）,惠普BTS02
70689279688,数码,影音娱乐,音箱/音响,惠普（HP）,惠普（HP）DHE-6000
100009090461,数码,影音娱乐,音箱/音响,JBL,JBLGO3
10079423369370,数码,影音娱乐,音箱/音响,天猫精灵,天猫精灵IN糖3
100062920865,数码,影音娱乐,音箱/音响,飞利浦（PHILIPS）,飞利浦SD50
100021518385,数码,影音娱乐,音箱/音响,夕风,夕风T1炫彩蓝牙音箱-黑色
100060492938,数码,影音娱乐,音箱/音响,飞利浦（PHILIPS）,飞利浦SPA5308P
100009311703,数码,影音娱乐,音箱/音响,飞利浦（PHILIPS）,飞利浦TAVS300
100040323874,数码,影音娱乐,音箱/音响,方正（Founder）,方正FDX100
10084557124018,数码,影音娱乐,音箱/音响,宝格声（BOGASING）,宝格声（BOGASING）S8 Pro
10093889464408,数码,影音娱乐,音箱/音响,联想（Lenovo）,联想（Lenovo）TS33
10071820429031,数码,影音娱乐,音箱/音响,漫步者（EDIFIER）,漫步者（EDIFIER）G1500BAR
100005930276,数码,影音娱乐,音箱/音响,小度,小度XDH-1D-A1
100076349583,数码,影音娱乐,音箱/音响,先科（SAST）,先科SM1106
100063638262,数码,影音娱乐,音箱/音响,飞利浦,飞利浦TAS2508WT
10079423369370,数码,影音娱乐,音箱/音响,天猫精灵,天猫精灵IN糖3
10067398531767,数码,影音娱乐,音箱/音响,惠普（HP）,惠普（HP）DHS-2111
10025454446588,数码,影音娱乐,音箱/音响,哈曼卡顿（Harman/Kardon）,哈曼卡顿（Harman/Kardon）Aura Stuio4
26049614905,数码,影音娱乐,音箱/音响,联想（LENOVO）,联想（LENOVO）TS33
10045628285303,数码,影音娱乐,音箱/音响,漫步者（EDIFIER）,漫步者（EDIFIER）R101V
100059393521,数码,影音娱乐,音箱/音响,飞利浦（PHILIPS）,飞利浦SPA5508
10035195946416,数码,影音娱乐,音箱/音响,赛柏瑞斯（cyboris）,赛柏瑞斯（cyboris）S6
10079537435228,数码,影音娱乐,音箱/音响,惠普（HP）,惠普（HP）WS1 Pro
100090533916,数码,影音娱乐,音箱/音响,惠普（HP）,惠普（HP）NS1 pro
100048086066,数码,影音娱乐,音箱/音响,纽曼（Newmine）,纽曼V5
4148692,数码,影音娱乐,音箱/音响,猫王收音机,猫王收音机MW-2A
974882,数码,影音娱乐,音箱/音响,漫步者（EDIFIER）,漫步者R26T 哑黑色
100056653684,数码,影音娱乐,音箱/音响,小度,小度XD-SDA12-2301
10091533491324,数码,影音娱乐,音箱/音响,惠普（HP）,惠普（HP）DHS-2111
100039708984,数码,影音娱乐,音箱/音响,新科,新科N26
100043845577,数码,影音娱乐,音箱/音响,纽曼（Newmine）,纽曼V1
10092679673518,数码,影音娱乐,音箱/音响,联想,联想TS38
100028090341,数码,影音娱乐,音箱/音响,纽曼（Newmine）,纽曼N20
10069041707485,数码,影音娱乐,音箱/音响,山水（SANSUI）,山水（SANSUI）81C
100073491848,数码,影音娱乐,音箱/音响,惠普（HP）,惠普DHS-4121
29920021929,数码,影音娱乐,音箱/音响,漫步者（EDIFIER）,漫步者（EDIFIER）R101V
100010554104,数码,影音娱乐,音箱/音响,漫步者（EDIFIER）,漫步者R201T北美
10043583116211,数码,影音娱乐,音箱/音响,联想（Lenovo）,联想（Lenovo）BMS09
100021393650,数码,影音娱乐,音箱/音响,索爱（soaiy）,索爱S-35max
67805305281,数码,影音娱乐,音箱/音响,宝格声（BOGASING）,宝格声（BOGASING）S8
10030080676170,数码,影音娱乐,音箱/音响,纽曼,纽曼BT55
100029630377,数码,影音娱乐,音箱/音响,SANAG,SANAGX6S
100032447450,数码,影音娱乐,音箱/音响,漫步者（EDIFIER）,漫步者R19BT
10034494821477,数码,影音娱乐,音箱/音响,Colorfire,Colorfire电脑音响音箱
100049997531,数码,影音娱乐,音箱/音响,索爱（soaiy）,索爱SA-C6
100005930276,数码,影音娱乐,音箱/音响,小度,小度XDH-1D-A1
100006377759,数码,影音娱乐,音箱/音响,索爱（soaiy）,索爱SA-C5
100051056678,数码,影音娱乐,音箱/音响,联想（Lenovo）,联想A201
4041134,数码,影音娱乐,音箱/音响,飞利浦（PHILIPS）,飞利浦BT110A
100024539544,数码,影音娱乐,音箱/音响,华为（HUAWEI）,华为FLMG-10
10094541024670,数码,影音娱乐,音箱/音响,飞利浦,飞利浦SPA2100
10054934537930,家用电器,视听影音,回音壁/Soundbar,哈曼卡顿（Harman/Kardon）,哈曼卡顿 CITATION 音乐魔力 MB1100 音响 家庭影院 回音壁 家用 蓝牙音箱 条形可壁挂 电视客厅大功率音响 5.1标准音乐魔力 黑色(搭配MB1100)
100007315548,数码,影音娱乐,音箱/音响,索爱（soaiy）,索爱SA-A6
100078687936,数码,影音娱乐,音箱/音响,蓝悦（LEnRuE）,蓝悦X350
100033443820,数码,影音娱乐,音箱/音响,JBL,JBLGo Essential
100054847472,数码,影音娱乐,音箱/音响,纽曼（Newmine）,纽曼K230
10090847376878,数码,影音娱乐,音箱/音响,雷蛇（Razer）,雷蛇（Razer）利维坦巨兽V2
46052255110,家用电器,视听影音,家庭影院,哈曼卡顿（Harman/Kardon）,哈曼卡顿 CITATION 音乐魔力套装 家庭影院 音响 回音壁 无线影院 蓝牙音箱 WiFi连接 电视客厅音响 大功率 5.1高端音乐魔力 黑色(搭配BAR)
70943634182,数码,影音娱乐,音箱/音响,惠普（HP）,惠普（HP）S02
10022075143084,数码,影音娱乐,音箱/音响,索尼（SONY）,索尼（SONY）SRS-XB13
100019042321,数码,影音娱乐,音箱/音响,爱国者,爱国者T52
100090533902,数码,影音娱乐,音箱/音响,海威特（HAVIT）,海威特M19麦克风
100074423359,数码,影音娱乐,音箱/音响,长虹（CHANGHONG）,长虹K11
10023605821297,家用电器,视听影音,KTV音响,HYUNDAI,HYUNDAIA128
101666,数码,影音娱乐,音箱/音响,漫步者（EDIFIER）,漫步者R1000TC
100077519307,数码,影音娱乐,音箱/音响,飞利浦,飞利浦TAS3209
100063699540,数码,影音娱乐,音箱/音响,小米（MI）,小米LX06
10086532048056,数码,影音娱乐,音箱/音响,雅兰仕（EARISE）,雅兰仕（EARISE）T11
100035226670,数码,影音娱乐,音箱/音响,先科（SAST）,先科A57
10031246621335,数码,影音娱乐,音箱/音响,狂热者（ZEALOT）,狂热者（ZEALOT）P1
100058825942,数码,影音娱乐,音箱/音响,好牧人,好牧人D7
100002624298,数码,影音娱乐,音箱/音响,索爱（soaiy）,索爱S69
100050688550,数码,影音娱乐,音箱/音响,Colorfire,ColorfireFS-D2201
100034611529,数码,影音娱乐,音箱/音响,蓝悦（LEnRuE）,蓝悦A39
10061967406538,数码,影音娱乐,音箱/音响,漫步者（EDIFIER）,漫步者（EDIFIER）R18T
10031246621335,数码,影音娱乐,音箱/音响,狂热者（ZEALOT）,狂热者（ZEALOT）P1
10074929513109,数码,影音娱乐,音箱/音响,惠普（HP）,惠普（HP）S01
23869068934,数码,影音娱乐,音箱/音响,山水（SANSUI）,山水（SANSUI）DV-91A
100049418745,数码,影音娱乐,音箱/音响,索爱（soaiy）,索爱SH16
10094538371002,数码,影音娱乐,音箱/音响,飞利浦,飞利浦SPA3808
10089233065203,数码,影音娱乐,音箱/音响,JBL,JBLGO3
100084985668,数码,影音娱乐,音箱/音响,山水（SANSUI）,山水E76
100056339581,数码,影音娱乐,音箱/音响,纽曼（Newmine）,纽曼HD200
100025855130,数码,影音娱乐,音箱/音响,JBL,JBLPS3500
100035959779,数码,影音娱乐,音箱/音响,飞利浦（PHILIPS）,飞利浦SPA1301
100045867099,数码,影音娱乐,音箱/音响,漫步者（EDIFIER）,漫步者M230
100033576349,数码,影音娱乐,音箱/音响,纽曼（Newmine）,纽曼N61
100070645752,数码,影音娱乐,音箱/音响,万利达（Malata）,万利达M+9052
100016324290,数码,影音娱乐,音箱/音响,MARSHALL,MARSHALLEMBERTON
100031241102,家用电器,视听影音,回音壁/Soundbar,小米（MI）,小米S27M8-31
10027538076451,数码,影音娱乐,音箱/音响,狂热者（ZEALOT）,狂热者（ZEALOT）S51
10068864067710,数码,影音娱乐,音箱/音响,惠普（HP）,惠普（HP）WS1
100078323773,数码,影音娱乐,音箱/音响,先科（SAST）,先科A7
100067426360,数码,影音娱乐,音箱/音响,万利达（Malata）,万利达M+9020C
10093933158634,数码,影音娱乐,音箱/音响,惠普（HP）,惠普（HP）BTS07
100066870643,数码,影音娱乐,音箱/音响,雷登（OHAYO）,雷登X3
10072239233207,数码,影音娱乐,音箱/音响,沃特利（wortley）,沃特利（wortley）WT1
100038626780,数码,影音娱乐,音箱/音响,MARSHALL,MARSHALLEMBERTON II
10093317396041,家用电器,视听影音,KTV音响,JBL,JBLKI110
10094541594101,数码,影音娱乐,音箱/音响,飞利浦,飞利浦SD50X
10094846778855,数码,影音娱乐,音箱/音响,飞利浦（PHILIPS）,飞利浦（PHILIPS）TAS2909
10096758807858,数码,影音娱乐,音箱/音响,飞利浦（PHILIPS）,飞利浦（PHILIPS）SPA2201
100058529066,数码,影音娱乐,音箱/音响,雷登（OHAYO）,雷登X2
46333482285,数码,影音娱乐,音箱/音响,漫步者（EDIFIER）,漫步者（EDIFIER）R303BT
100085590561,数码,影音娱乐,音箱/音响,纽曼（Newmine）,纽曼K19
100046483172,数码,影音娱乐,音箱/音响,QQ音乐,QQ音乐BT2026
10059126789566,二手商品,二手影音娱乐,二手音箱/音响,小米,小米小爱音箱play
100011409948,数码,影音娱乐,音箱/音响,漫步者（EDIFIER）,漫步者G2000
10080473363584,数码,影音娱乐,音箱/音响,惠普（HP）,惠普（HP）DHE-6002S
100005876807,数码,影音娱乐,音箱/音响,漫步者（EDIFIER）,漫步者R201BT
10054510178827,数码,影音娱乐,音箱/音响,Aseblarm,AseblarmA7
10030080676169,数码,影音娱乐,音箱/音响,纽曼,纽曼BT55
100009129228,数码,影音娱乐,音箱/音响,Bose,BoseSoundLinkmini
101609,数码,影音娱乐,音箱/音响,漫步者（EDIFIER）,漫步者R201T06
100052190326,数码,影音娱乐,音箱/音响,联想（Lenovo）,联想A132
100063638234,数码,影音娱乐,音箱/音响,飞利浦,飞利浦TAS2508WT
10068400978393,数码,影音娱乐,音箱/音响,BOGASING,BOGASINGM6
10067398531768,数码,影音娱乐,音箱/音响,惠普（HP）,惠普（HP）DHS-2111
100016570786,数码,影音娱乐,音箱/音响,纽曼（Newmine）,纽曼V1
100054360908,数码,影音娱乐,音箱/音响,索爱（soaiy）,索爱SA-F1
4540695,数码,影音娱乐,音箱/音响,蓝悦（LEnRuE）,蓝悦A2 【500mAh电池】
10094516220149,数码,影音娱乐,音箱/音响,飞利浦（PHILIPS）,飞利浦（PHILIPS）TAS2009
10068266752795,数码,影音娱乐,音箱/音响,BOGASING,BOGASINGM5
10050224624189,数码,影音娱乐,音箱/音响,联想,联想TS38
100041691510,数码,影音娱乐,音箱/音响,ENKOR,ENKORMINI2蓝牙版
100056171151,数码,影音娱乐,音箱/音响,MIFA,MIFAA10+
100077603025,数码,影音娱乐,麦克风,K歌宝,长虹K37
25283636350,数码,影音娱乐,音箱/音响,漫步者（EDIFIER）,漫步者（EDIFIER）多媒体有源音箱R10U
100028195719,家用电器,视听影音,回音壁/Soundbar,哈曼卡顿（Harman/Kardon）,哈曼卡顿CITATION MULTIBEAM 1100
100029700398,数码,影音娱乐,音箱/音响,JBL,JBLFlip 6
100027270939,数码,影音娱乐,音箱/音响,MARSHALL,MARSHALLStanmore Ⅲ
100017184844,数码,影音娱乐,音箱/音响,哈曼卡顿（Harman/Kardon）,哈曼卡顿Soundsticks 4
100016910375,数码,影音娱乐,音箱/音响,山水（SANSUI）,山水D39
100060665351,数码,影音娱乐,音箱/音响,索爱（soaiy）,索爱S58
100085590561,数码,影音娱乐,音箱/音响,纽曼（Newmine）,纽曼K19
100028431462,数码,影音娱乐,音箱/音响,B&O,B&OBeosound A1
10048451686085,数码,影音娱乐,音箱/音响,惠普（HP）,惠普（HP）6002
100070989020,数码,影音娱乐,音箱/音响,索爱（soaiy）,索爱SA-L6
100013553040,数码,影音娱乐,音箱/音响,山水（SANSUI）,山水F4
10061810127025,数码,影音娱乐,音箱/音响,联想,联想K3
10054510178827,数码,影音娱乐,音箱/音响,Aseblarm,AseblarmA7
100030633020,数码,影音娱乐,音箱/音响,先科（SAST）,先科A57
100068416953,数码,影音娱乐,音箱/音响,惠普（HP）,惠普DHE-6002
10072257755270,数码,影音娱乐,音箱/音响,沃特利（wortley）,沃特利（wortley）WT5
100066870635,数码,影音娱乐,音箱/音响,先科（SAST）,先科A46
10077361044972,数码,影音娱乐,音箱/音响,漫步者（EDIFIER）,漫步者（EDIFIER）R1700BT
10068266752795,数码,影音娱乐,音箱/音响,BOGASING,BOGASINGM5
100023669604,数码,影音娱乐,音箱/音响,索爱（soaiy）,索爱S-55
100024554085,数码,影音娱乐,音箱/音响,MARSHALL,MARSHALLStanmore Ⅲ
100000183074,数码,影音娱乐,音箱/音响,索爱（soaiy）,索爱S68
100040036780,数码,影音娱乐,音箱/音响,纽曼（Newmine）,纽曼BS02
10087531586052,数码,影音娱乐,音箱/音响,KAWOO,KAWOOn40
10066594376060,数码,影音娱乐,音箱/音响,宝格声（BOGASING）,宝格声（BOGASING）M5
101610,数码,影音娱乐,音箱/音响,漫步者（EDIFIER）,漫步者E3100
10093283958324,数码,影音娱乐,音箱/音响,音乐传奇 MUSIC LEGEND,音乐传奇 MUSIC LEGENDV60
100038053758,数码,影音娱乐,音箱/音响,索爱（soaiy）,索爱SH36
10075234258887,数码,影音娱乐,音箱/音响,雷神（ThundeRobot）,雷神（ThundeRobot）S10
100028195719,家用电器,视听影音,回音壁/Soundbar,哈曼卡顿（Harman/Kardon）,哈曼卡顿CITATION MULTIBEAM 1100
100061854676,数码,影音娱乐,麦克风,K歌宝,长虹K7
10076215197557,数码,影音娱乐,音箱/音响,哈曼卡顿（Harman/Kardon）,哈曼卡顿（Harman/Kardon）Allure essential
100013599721,数码,影音娱乐,音箱/音响,MIFA,MIFAA90
100023787210,数码,影音娱乐,音箱/音响,索爱（soaiy）,索爱ST-809WM
100075452755,数码,影音娱乐,音箱/音响,长虹（CHANGHONG）,长虹CYW-521
10066594376060,数码,影音娱乐,音箱/音响,宝格声（BOGASING）,宝格声（BOGASING）M5
10020809852685,数码,影音娱乐,音箱/音响,纽曼（Newmine）,纽曼（Newmine）M56
6939119,数码,影音娱乐,音箱/音响,索爱（soaiy）,索爱S98
100048820052,数码,影音娱乐,音箱/音响,漫步者（EDIFIER）,漫步者M330
100003704123,数码,影音娱乐,音箱/音响,漫步者（EDIFIER）,漫步者S2000MKIII
100039949137,数码,影音娱乐,音箱/音响,索爱（soaiy）,索爱S-36
10054934537930,家用电器,视听影音,回音壁/Soundbar,哈曼卡顿（Harman/Kardon）,哈曼卡顿 CITATION 音乐魔力 MB1100 音响 家庭影院 回音壁 家用 蓝牙音箱 条形可壁挂 电视客厅大功率音响 5.1标准音乐魔力 黑色(搭配MB1100)
10058949512388,数码,影音娱乐,音箱/音响,雷蛇（Razer）,雷蛇（Razer）利维坦巨兽V2
10070674424832,数码,影音娱乐,音箱/音响,KAWOO,KAWOO蓝牙音箱音响电脑情人节新年生日礼物男生送男朋友的兄弟纪念日黑科技儿童情侣礼物送男友 钢铁侠MK4Z重低音音箱
100041109502,数码,影音娱乐,音箱/音响,漫步者（EDIFIER）,漫步者M0
100062705623,数码,影音娱乐,音箱/音响,纽曼（Newmine）,纽曼DP97
8683086,数码,影音娱乐,音箱/音响,先科（SAST）,先科N612
10053456970766,数码,影音娱乐,音箱/音响,宝格声（BOGASING）,宝格声（BOGASING）G4
10073398187679,数码,影音娱乐,音箱/音响,LOCOCK,LOCOCKX09
10079003152797,数码,影音娱乐,音箱/音响,雷登（OHAYO）,雷登（OHAYO）X2
100040577153,数码,影音娱乐,音箱/音响,万利达（Malata）,万利达M+9400
100057908054,数码,影音娱乐,音箱/音响,诺必行,诺必行T11
41905203893,数码,影音娱乐,音箱/音响,赛达（SADA）,赛达（SADA）V-195
100079610090,数码,影音娱乐,音箱/音响,索爱（soaiy）,索爱K120
100043983429,数码,影音娱乐,音箱/音响,纽曼（Newmine）,纽曼BS01
10075525101782,数码,影音娱乐,音箱/音响,雷神（ThundeRobot）,雷神（ThundeRobot）S10Pro
100088945942,数码,影音娱乐,音箱/音响,迪士尼（DISNEY）,迪士尼LX-989
100063013209,数码,影音娱乐,音箱/音响,QQ音乐,QQ音乐MZ22
100016053792,数码,影音娱乐,音箱/音响,JBL,JBLGO3
100008184284,数码,影音娱乐,音箱/音响,ENKOR,ENKORE50B
10033902801904,数码,影音娱乐,音箱/音响,索尼（SONY）,索尼（SONY）SRS-XB13
100007600949,数码,影音娱乐,音箱/音响,索爱（soaiy）,索爱S69
100065488704,数码,影音娱乐,音箱/音响,索爱（soaiy）,索爱SA-C15
100063849287,数码,影音娱乐,麦克风,K歌宝,长虹K7
100082321797,数码,影音娱乐,音箱/音响,SADA,SADAk18
100006008903,数码,影音娱乐,音箱/音响,JBL,JBLPULSE4
100039983652,数码,影音娱乐,音箱/音响,猫王收音机,猫王收音机MW-2A
100009085421,数码,影音娱乐,音箱/音响,Apple,AppleHomePod mini
100033938091,数码,影音娱乐,音箱/音响,Colorfire,ColorfireCSP-2002音响
100042301539,数码,影音娱乐,音箱/音响,迪士尼（DISNEY）,迪士尼S6
10055865343878,数码,影音娱乐,音箱/音响,宝格声（BOGASING）,宝格声（BOGASING）M6
100010594841,数码,影音娱乐,音箱/音响,麦博,麦博M200（13）
10095557437683,数码,影音娱乐,音箱/音响,飞利浦,飞利浦SD50X
10070008943766,数码,影音娱乐,音箱/音响,听声者,听声者T1
100028492140,数码,影音娱乐,音箱/音响,新科,新科N26
10033248024447,数码,影音娱乐,音箱/音响,雷蛇（Razer）,雷蛇（Razer）利维坦巨兽V2
49769209775,数码,影音娱乐,音箱/音响,JOSREL,JOSRELS66
100056653684,数码,影音娱乐,音箱/音响,小度,小度XD-SDA12-2301
100077889556,数码,影音娱乐,音箱/音响,雷登（OHAYO）,雷登x8
100047882821,数码,影音娱乐,音箱/音响,海威特（HAVIT）,海威特HAVIT蓝牙音箱
10051424328536,数码,影音娱乐,音箱/音响,惠普（HP）,惠普（HP）NS1 pro
10093283958325,数码,影音娱乐,音箱/音响,音乐传奇 MUSIC LEGEND,音乐传奇 MUSIC LEGENDV60
10054934537930,家用电器,视听影音,回音壁/Soundbar,哈曼卡顿（Harman/Kardon）,哈曼卡顿 CITATION 音乐魔力 MB1100 音响 家庭影院 回音壁 家用 蓝牙音箱 条形可壁挂 电视客厅大功率音响 5.1标准音乐魔力 黑色(搭配MB1100)
100027270955,数码,影音娱乐,音箱/音响,MARSHALL,MARSHALLACTON III
100038937099,数码,影音娱乐,音箱/音响,漫步者（EDIFIER）,漫步者M16 Pro
100035300333,数码,影音娱乐,音箱/音响,SANAG,SANAGSANAGM13SPro
10060406260385,数码,影音娱乐,音箱/音响,惠普（HP）,惠普（HP）S02
10067268264924,数码,影音娱乐,音箱/音响,小米（MI）,小米（MI）Sound Pro
100079610090,数码,影音娱乐,音箱/音响,索爱（soaiy）,索爱K120
100011409944,数码,影音娱乐,音箱/音响,漫步者（EDIFIER）,漫步者G2000
100053382967,数码,影音娱乐,音箱/音响,HYUNDAI,HYUNDAIE-1415
10084320723151,数码,影音娱乐,音箱/音响,KPEP,KPEPHGYTH
10094541532607,数码,影音娱乐,音箱/音响,飞利浦,飞利浦SD50X
100023150449,数码,影音娱乐,音箱/音响,纽曼（Newmine）,纽曼V4
10053456970766,数码,影音娱乐,音箱/音响,宝格声（BOGASING）,宝格声（BOGASING）G4
2807859,数码,影音娱乐,音箱/音响,猫王收音机,猫王收音机MW-2
10084321045674,数码,影音娱乐,音箱/音响,KPEP,KPEP柏林之声适用环绕低音炮音响台式机电竞音响插电蓝牙音响低音炮高音质音量彩灯 木质黑(木质腔体好音质) 标准版【有线+3D环绕音效】
100040858206,数码,影音娱乐,音箱/音响,漫步者（EDIFIER）,漫步者R1200BT
10093072427354,数码,影音娱乐,音箱/音响,小米（MI）,小米（MI） ASB02A
100028479123,数码,影音娱乐,音箱/音响,纽曼（Newmine）,纽曼BT55
100079610090,数码,影音娱乐,音箱/音响,索爱（soaiy）,索爱K120
100015284880,数码,影音娱乐,音箱/音响,MARSHALL,MARSHALLACTON II
100010947753,数码,影音娱乐,音箱/音响,纽曼（Newmine）,纽曼K99
100040631078,家用电器,视听影音,回音壁/Soundbar,纽曼（Newmine）,纽曼G-509
10039893489608,数码,影音娱乐,音箱/音响,赛达（SADA）,赛达（SADA）v-158
10072257755263,数码,影音娱乐,音箱/音响,沃特利（wortley）,沃特利（wortley）WT5
10052609478455,家居饰品,摆件,桌面摆件,心意满满,心意满满宇航员音响
100045187319,数码,影音娱乐,音箱/音响,索爱（soaiy）,索爱S-200
100000045146,数码,影音娱乐,音箱/音响,索爱（soaiy）,索爱S18
10080991943089,数码,影音娱乐,音箱/音响,惠普（HP）,惠普（HP）DHS-2111
10093889486611,数码,影音娱乐,音箱/音响,联想（Lenovo）,联想（Lenovo）TS33
100007368471,数码,影音娱乐,音箱/音响,哈曼卡顿（Harman/Kardon）,哈曼卡顿Soundsticks 4
100014661030,家用电器,视听影音,回音壁/Soundbar,杰科（GIEC）,杰科T40
320620,数码,影音娱乐,音箱/音响,漫步者（EDIFIER）,漫步者R201T
100052854691,数码,影音娱乐,音箱/音响,漫步者（EDIFIER）,漫步者M16+
100023497021,数码,影音娱乐,音箱/音响,新科,新科T30
100017607952,数码,影音娱乐,音箱/音响,索爱（soaiy）,索爱S-35Plus
10070115749465,家居饰品,摆件,桌面摆件,梦多福,梦多福男生生日礼物男男士高档又实用办公室闹钟小夜灯桌面摆件工艺品 象牙白宇航员音响摆件 【Ai语音+时钟/闹钟+FM收音】
100016053792,数码,影音娱乐,音箱/音响,JBL,JBLGO3
100054134804,数码,影音娱乐,音箱/音响,纽曼（Newmine）,纽曼K231
100026417651,家用电器,视听影音,功放,HYUNDAI,HYUNDAISU-901
982316,数码,影音娱乐,音箱/音响,漫步者（EDIFIER）,漫步者R1600TIII
10040391485224,数码,影音娱乐,音箱/音响,联想（Lenovo）,联想（Lenovo）1770
100016053774,数码,影音娱乐,音箱/音响,JBL,JBLGO3
10097048548709,数码,影音娱乐,音箱/音响,PIXOO,PIXOOX09
10089802181504,数码,影音娱乐,音箱/音响,耐也（Niye）,耐也（Niye）v28
100054847566,数码,影音娱乐,音箱/音响,联想（Lenovo）,联想A200
100023981635,数码,影音娱乐,音箱/音响,爱国者,爱国者T39
968529,数码,影音娱乐,音箱/音响,漫步者（EDIFIER）,漫步者R980T
10090043733559,家用电器,视听影音,迷你音响, ,索尼（SONY）适用高颜值蓝牙音响复古木质ins礼物便携无线家用低音炮音箱 棕色 标配
10062656054378,数码,影音娱乐,音箱/音响,SANAG,SANAGV12
100060485092,数码,影音娱乐,音箱/音响,小米（MI）,小米Pro 8
100048072151,数码,影音娱乐,收音机,飞利浦,飞利浦 TAR3578/93
100002950027,数码,影音娱乐,音箱/音响,漫步者（EDIFIER）,漫步者R1080BT
35188977906,数码,影音娱乐,音箱/音响,Bose,BoseBose mini2特别版
100058365298,数码,影音娱乐,音箱/音响,索爱（soaiy）,索爱S58MAX
10066862940944,家用电器,视听影音,KTV音响,先科（SAST）,先科（SAST）ST-1501
100054847530,数码,影音娱乐,音箱/音响,倍思（Baseus）,倍思V2
100010088101,家用电器,视听影音,KTV音响,飞利浦（PHILIPS）,飞利浦SPA311
63857003673,数码,影音娱乐,音箱/音响,哈曼卡顿（Harman/Kardon）,哈曼卡顿（Harman/Kardon）Aura Stuio4
100041303086,数码,影音娱乐,音箱/音响,纽曼（Newmine）,纽曼DP01
10081062266092,数码,影音娱乐,音箱/音响,飞利浦（philips）,飞利浦（philips）SD50
100007204387,数码,影音娱乐,音箱/音响,飞利浦（PHILIPS）,飞利浦SD50
100077407619,数码,影音娱乐,音箱/音响,宏碁（acer）,宏碁OSK121
100054617371,数码,影音娱乐,音箱/音响,QQ音乐,QQ音乐BT2602
100015187453,数码,影音娱乐,音箱/音响,Allway,AllwayPBT001
10082275693920,数码,影音娱乐,音箱/音响,KKTV,KKTVKYYX538
100062894446,家用电器,视听影音,回音壁/Soundbar,汇唱,汇唱H001
100003148819,家用电器,视听影音,回音壁/Soundbar,哈曼卡顿（Harman/Kardon）,哈曼卡顿surround5.1
24698536538,数码,影音娱乐,音箱/音响,漫步者（EDIFIER）,漫步者（EDIFIER）R12U
100024023774,数码,影音娱乐,音箱/音响,纽曼（Newmine）,纽曼BT56
100040324026,数码,影音娱乐,音箱/音响,索爱（soaiy）,索爱SH18
10094544254899,数码,影音娱乐,音箱/音响,飞利浦（PHILIPS）,飞利浦（PHILIPS）TAS1009
10092048403193,数码,影音娱乐,音箱/音响,漫步者（EDIFIER）,漫步者（EDIFIER）NEW-X PRO
10084240276977,数码,影音娱乐,音箱/音响,山水（SANSUI）,山水（SANSUI）E5
100001407475,数码,影音娱乐,音箱/音响,海威特（HAVIT）,海威特M3
100035465065,数码,影音娱乐,音箱/音响,MARSHALL,MARSHALLACTON III
100064620866,数码,影音娱乐,音箱/音响,山水（SANSUI）,山水T33
10094541029245,数码,影音娱乐,音箱/音响,飞利浦,飞利浦SPA36
10094601271114,数码,影音娱乐,音箱/音响,惠普（HP）,惠普（HP）DHS-4121
100003148819,家用电器,视听影音,回音壁/Soundbar,哈曼卡顿（Harman/Kardon）,哈曼卡顿surround5.1
100041092342,数码,影音娱乐,音箱/音响,MORRORART,MORRORART211LSP01
100064620836,数码,影音娱乐,音箱/音响,倍思（Baseus）,倍思AeQur DS10
3697593,数码,影音娱乐,音箱/音响,漫步者（EDIFIER）,漫步者S201
100057908020,数码,影音娱乐,音箱/音响,XAXR,XAXRT11
10068362446768,数码,影音娱乐,音箱/音响,创意猪（IDEA PIG）,创意猪（IDEA PIG）磁悬浮宇航员蓝牙音箱
39565580434,数码,影音娱乐,音箱/音响,十度（ShiDu）,十度（ShiDu）P6
10095073229424,数码,影音娱乐,音箱/音响,惠普（HP）,惠普（HP）DHS-2111S
10093437350755,数码,影音娱乐,音箱/音响,LOCOCK,LOCOCKLK09
10079537435229,数码,影音娱乐,音箱/音响,惠普（HP）,惠普（HP）WS1 Pro
33201491989,数码,影音娱乐,音箱/音响,哈曼卡顿（Harman/Kardon）,哈曼卡顿（Harman/Kardon）Onyx Studio 6
100018795312,数码,影音娱乐,音箱/音响,索爱（soaiy）,索爱SA-A2
10096229536997,数码,影音娱乐,音箱/音响,飞利浦（PHILIPS）,飞利浦（PHILIPS）SPA5508
100017770408,数码,影音娱乐,音箱/音响,Bose,BoseSoundLinkRevolve
10086085494673,数码,影音娱乐,音箱/音响,雅兰仕（EARISE）,雅兰仕（EARISE）P6
100018458932,数码,影音娱乐,音箱/音响,纽曼（Newmine）,纽曼BT52
10079355191365,数码,影音娱乐,音箱/音响,惠普（HP）,惠普（HP）BTS02
10096349899321,数码,影音娱乐,音箱/音响,飞利浦（PHILIPS）,飞利浦（PHILIPS）SPA6109
10080010274014,数码,影音娱乐,音箱/音响,联想（Lenovo）,联想（Lenovo）其他
100055694885,数码,影音娱乐,音箱/音响,小米（MI）,小米K03A
10071074443671,数码,影音娱乐,音箱/音响,KPEP,KPEPHBGHNG
100077889570,数码,影音娱乐,音箱/音响,雷登（OHAYO）,雷登M8
100048072159,数码,影音娱乐,音箱/音响,宏碁（acer）,宏碁OSK212
10079423369370,数码,影音娱乐,音箱/音响,天猫精灵,天猫精灵IN糖3
4675409,数码,影音娱乐,音箱/音响,麦博,麦博M108
10091965825958,数码,影音娱乐,音箱/音响,惠普（HP）,惠普（HP）电脑音响蓝牙音箱有线笔记本台式电脑手机小音箱usb有线长条超重低音炮RGB发光外放喇叭大音量 尊享版RGB灯丨无损音质
100049012592,数码,影音娱乐,音箱/音响,奋达（F&D）,奋达F670X
10088135661259,数码,影音娱乐,音箱/音响,宝格声（BOGASING）,宝格声（BOGASING）S8 Pro
100034644909,数码,影音娱乐,音箱/音响,MARSHALL,MARSHALLACTON III
100056377083,数码,影音娱乐,音箱/音响,纽曼（Newmine）,纽曼K220
100049968818,数码,影音娱乐,音箱/音响,小度（Xiao Du）,小度XD-SDA11-2101
10072257755264,数码,影音娱乐,音箱/音响,沃特利（wortley）,沃特利（wortley）WT5
69070499293,数码,影音娱乐,音箱/音响,MC,MCD-221
66014420463,数码,影音娱乐,音箱/音响,MORRORART,MORRORART175MVB01
100033698484,数码,影音娱乐,音箱/音响,爱国者,爱国者T52
63780803156,数码,影音娱乐,音箱/音响,漫步者（EDIFIER）,漫步者（EDIFIER）M201
100023829861,数码,影音娱乐,音箱/音响,MARSHALL,MARSHALLEMBERTON II
10089567248860,二手商品,二手大家电,二手迷你音响,飞利浦（PHILIPS）,【尾货机】飞利浦（PHILIPS）SPA3808木质电脑音响usb有线手机蓝牙5.1重低音多媒体音箱 黑色
100043522010,数码,影音娱乐,麦克风,K歌宝,长虹L1
100058964377,数码,影音娱乐,音箱/音响,雷蛇（Razer）,雷蛇NOMMO V2 X
100033174728,数码,影音娱乐,音箱/音响,海威特（HAVIT）,海威特M3
100056927226,数码,影音娱乐,音箱/音响,B&O,B&OBeosound A9 5th Gen
100058177811,家居饰品,摆件,桌面摆件,朵帆,朵帆象牙骆驼
68034862553,数码,影音娱乐,音箱/音响,华为（HUAWEI）,华为（HUAWEI） mini蓝牙音箱无线挂绳迷你小音响便携式户外居家免提通话低音炮大音量CM510 【附带专属挂绳】亮黑色
10044070629240,数码,影音娱乐,音箱/音响,纽曼（Newmine）,纽曼（Newmine）BT15
10057356320131,数码,影音娱乐,音箱/音响,小米（MI）,小米（MI） 小爱随身音箱一键唤醒小爱 蓝牙5.0 远程操控智能家居 来电免提 经典ID设计音响 小爱随身音箱
100020197390,数码,影音娱乐,音箱/音响,纽曼（Newmine）,纽曼K99
50027241587,数码,影音娱乐,音箱/音响,漫步者（EDIFIER）,漫步者（EDIFIER）G2000
100032094910,数码,影音娱乐,音箱/音响,MIFA,MIFAA10+
10075062152379,数码,影音娱乐,音箱/音响,惠普（HP）,惠普（HP）DHE-6000
24747671481,数码,影音娱乐,音箱/音响,漫步者（EDIFIER）,漫步者（EDIFIER）R18T
10035305735870,数码,影音娱乐,音箱/音响,小米（MI）,小米（MI）Sound
10095220103029,数码,影音娱乐,音箱/音响,德顺（DESHUN）,德顺（DESHUN）DS-V8
100030755823,数码,影音娱乐,音箱/音响,纽曼（Newmine）,纽曼TR-K11
100015276435,数码,影音娱乐,音箱/音响,Apple,AppleMJ2K3CH/A
100090533792,数码,影音娱乐,音箱/音响,飞利浦（PHILIPS）,飞利浦SPA6308
100068122344,数码,影音娱乐,音箱/音响,迪士尼（DISNEY）,迪士尼MK-1
100086587616,数码,影音娱乐,音箱/音响,好牧人,好牧人D7
100008329888,数码,影音娱乐,音箱/音响,雅兰仕（EARISE）,雅兰仕雅兰仕音箱A1
10067057796696,数码,影音娱乐,音箱/音响,联想（Lenovo）,联想（Lenovo）TS38/BMS09/BMS10/1530 plus/ds100
100064620834,数码,影音娱乐,音箱/音响,纽曼（Newmine）,纽曼A12
100070886077,数码,影音娱乐,音箱/音响,Colorfire,ColorfireCSP-5204
10072239233200,数码,影音娱乐,音箱/音响,沃特利（wortley）,沃特利（wortley）WT1
100056653638,数码,影音娱乐,音箱/音响,小度,小度XD-SDA12-2301
100018896442,数码,影音娱乐,音箱/音响,哈曼卡顿（Harman/Kardon）,哈曼卡顿Onyx STUDIO 7
100033688547,数码,影音娱乐,音箱/音响,小度,小度小度智能音箱 大金刚 会员版
100025855106,数码,影音娱乐,音箱/音响,MORRORART,MORRORART211MSP01
10080611257542,数码,影音娱乐,音箱/音响,长虹（CHANGHONG）,长虹（CHANGHONG）K12
10080473363586,数码,影音娱乐,音箱/音响,惠普（HP）,惠普（HP）DHE-6002S
10072257755266,数码,影音娱乐,音箱/音响,沃特利（wortley）,沃特利（wortley）WT5
10024634483605,数码,影音娱乐,音箱/音响,MC,MCD-221
100018467158,数码,影音娱乐,音箱/音响,索爱（soaiy）,索爱SA-Q22
10094544254898,数码,影音娱乐,音箱/音响,飞利浦（PHILIPS）,飞利浦（PHILIPS）TAS1009
100019831243,数码,影音娱乐,音箱/音响,华为（HUAWEI）,华为Sound Joy
100046179317,数码,影音娱乐,音箱/音响,索爱（soaiy）,索爱SA-F22
10045320941786,数码,影音娱乐,音箱/音响,先科（SAST）,先科（SAST）A6
100065838559,数码,影音娱乐,音箱/音响,JBL,JBLAuthentics 200
100062159220,数码,影音娱乐,音箱/音响,倍思（Baseus）,倍思 AeQur DS10
10071820429033,数码,影音娱乐,音箱/音响,漫步者（EDIFIER）,漫步者（EDIFIER）G1500BAR
10068921401361,数码,影音娱乐,音箱/音响,纽曼,纽曼BT55
10033902801905,数码,影音娱乐,音箱/音响,索尼（SONY）,索尼（SONY）SRS-XB13
10044226981861,数码,影音娱乐,音箱/音响,幻达（Oneder）,幻达（Oneder）D6
8568835,数码,影音娱乐,音箱/音响,惠威（HiVi）,惠威M200
